kota,kecamatan,kelurahan,isJakarta,deskripsi
Banyumas,Sokaraja,Banjaranyar,false,"Sentra ekonomi dan pemukiman Sokaraja. Suplai deterjen matic dan parfum laundry terkirim cepat setiap hari."
Banyumas,Sokaraja,Banjarsari Kidul,false,"Sentra ekonomi dan pemukiman Sokaraja. Suplai deterjen matic dan parfum laundry terkirim cepat setiap hari."
Banyumas,Sokaraja,Jompo Kulon,false,"Sentra ekonomi dan pemukiman Sokaraja. Suplai deterjen matic dan parfum laundry terkirim cepat setiap hari."
Banyumas,Sokaraja,Kalikidang,false,"Sentra ekonomi dan pemukiman Sokaraja. Suplai deterjen matic dan parfum laundry terkirim cepat setiap hari."
Banyumas,Sokaraja,Karangduren,false,"Sentra ekonomi dan pemukiman Sokaraja. Suplai deterjen matic dan parfum laundry terkirim cepat setiap hari."
Banyumas,Sokaraja,Karangkedawung,false,"Sentra ekonomi dan pemukiman Sokaraja. Suplai deterjen matic dan parfum laundry terkirim cepat setiap hari."
Banyumas,Sokaraja,Karangnanas,false,"Sentra ekonomi dan pemukiman Sokaraja. Suplai deterjen matic dan parfum laundry terkirim cepat setiap hari."
Banyumas,Sokaraja,Karangrau,false,"Sentra ekonomi dan pemukiman Sokaraja. Suplai deterjen matic dan parfum laundry terkirim cepat setiap hari."
Banyumas,Sokaraja,Kedondong,false,"Sentra ekonomi dan pemukiman Sokaraja. Suplai deterjen matic dan parfum laundry terkirim cepat setiap hari."
Banyumas,Sokaraja,Klahang,false,"Sentra ekonomi dan pemukiman Sokaraja. Suplai deterjen matic dan parfum laundry terkirim cepat setiap hari."
Banyumas,Sokaraja,Lemberang,false,"Sentra ekonomi dan pemukiman Sokaraja. Suplai deterjen matic dan parfum laundry terkirim cepat setiap hari."
Banyumas,Sokaraja,Pamijen,false,"Sentra ekonomi dan pemukiman Sokaraja. Suplai deterjen matic dan parfum laundry terkirim cepat setiap hari."
Banyumas,Sokaraja,Sokaraja Kidul,false,"Sentra ekonomi dan pemukiman Sokaraja. Suplai deterjen matic dan parfum laundry terkirim cepat setiap hari."
Banyumas,Sokaraja,Sokaraja Kulon,false,"Sentra ekonomi dan pemukiman Sokaraja. Suplai deterjen matic dan parfum laundry terkirim cepat setiap hari."
Banyumas,Sokaraja,Sokaraja Lor,false,"Sentra ekonomi dan pemukiman Sokaraja. Suplai deterjen matic dan parfum laundry terkirim cepat setiap hari."
Banyumas,Sokaraja,Sokaraja Tengah,false,"Sentra ekonomi dan pemukiman Sokaraja. Suplai deterjen matic dan parfum laundry terkirim cepat setiap hari."
Banyumas,Sokaraja,Sokaraja Wetan,false,"Sentra ekonomi dan pemukiman Sokaraja. Suplai deterjen matic dan parfum laundry terkirim cepat setiap hari."
Banyumas,Sokaraja,Wiradadi,false,"Sentra ekonomi dan pemukiman Sokaraja. Suplai deterjen matic dan parfum laundry terkirim cepat setiap hari."
Banyumas,Purwokerto Timur,Arcawinangun,false,"Pusat perkantoran dan bisnis Purwokerto. Suplai deterjen cair konsentrat & parfum aroma mewah."
Banyumas,Purwokerto Timur,Kranji,false,"Pusat perkantoran dan bisnis Purwokerto. Suplai deterjen cair konsentrat & parfum aroma mewah."
Banyumas,Purwokerto Timur,Mersi,false,"Pusat perkantoran dan bisnis Purwokerto. Suplai deterjen cair konsentrat & parfum aroma mewah."
Banyumas,Purwokerto Timur,Purwokerto Lor,false,"Pusat perkantoran dan bisnis Purwokerto. Suplai deterjen cair konsentrat & parfum aroma mewah."
Banyumas,Purwokerto Timur,Purwokerto Wetan,false,"Pusat perkantoran dan bisnis Purwokerto. Suplai deterjen cair konsentrat & parfum aroma mewah."
Banyumas,Purwokerto Timur,Sokanegara,false,"Pusat perkantoran dan bisnis Purwokerto. Suplai deterjen cair konsentrat & parfum aroma mewah."
Banyumas,Purwokerto Barat,Bantarsoka,false,"Area transit sekitar Stasiun Purwokerto dengan suplai deterjen dan parfum laundry wangi tahan lama."
Banyumas,Purwokerto Barat,Karanglewas Lor,false,"Area transit sekitar Stasiun Purwokerto dengan suplai deterjen dan parfum laundry wangi tahan lama."
Banyumas,Purwokerto Barat,Kedungwringin,false,"Area transit sekitar Stasiun Purwokerto dengan suplai deterjen dan parfum laundry wangi tahan lama."
Banyumas,Purwokerto Barat,Kober,false,"Area transit sekitar Stasiun Purwokerto dengan suplai deterjen dan parfum laundry wangi tahan lama."
Banyumas,Purwokerto Barat,Pasir Kidul,false,"Area transit sekitar Stasiun Purwokerto dengan suplai deterjen dan parfum laundry wangi tahan lama."
Banyumas,Purwokerto Barat,Pasirmuncang,false,"Area transit sekitar Stasiun Purwokerto dengan suplai deterjen dan parfum laundry wangi tahan lama."
Banyumas,Purwokerto Barat,Rejasari,false,"Area transit sekitar Stasiun Purwokerto dengan suplai deterjen dan parfum laundry wangi tahan lama."
Banyumas,Purwokerto Selatan,Berkoh,false,"Sentra pemukiman sekitar Terminal Bulupitu dengan pasokan sabun cuci karpet dan pelembut pakaian."
Banyumas,Purwokerto Selatan,Karangklesem,false,"Sentra pemukiman sekitar Terminal Bulupitu dengan pasokan sabun cuci karpet dan pelembut pakaian."
Banyumas,Purwokerto Selatan,Karangpucung,false,"Sentra pemukiman sekitar Terminal Bulupitu dengan pasokan sabun cuci karpet dan pelembut pakaian."
Banyumas,Purwokerto Selatan,Purwokerto Kidul,false,"Sentra pemukiman sekitar Terminal Bulupitu dengan pasokan sabun cuci karpet dan pelembut pakaian."
Banyumas,Purwokerto Selatan,Purwokerto Kulon,false,"Sentra pemukiman sekitar Terminal Bulupitu dengan pasokan sabun cuci karpet dan pelembut pakaian."
Banyumas,Purwokerto Selatan,Tanjung,false,"Sentra pemukiman sekitar Terminal Bulupitu dengan pasokan sabun cuci karpet dan pelembut pakaian."
Banyumas,Purwokerto Selatan,Teluk,false,"Sentra pemukiman sekitar Terminal Bulupitu dengan pasokan sabun cuci karpet dan pelembut pakaian."
Banyumas,Purwokerto Utara,Bancarkembar,false,"Kawasan pendidikan UNSOED dengan paket hemat deterjen wangi dan pelicin setrika usaha laundry."
Banyumas,Purwokerto Utara,Bobosan,false,"Kawasan pendidikan UNSOED dengan paket hemat deterjen wangi dan pelicin setrika usaha laundry."
Banyumas,Purwokerto Utara,Grendeng,false,"Kawasan pendidikan UNSOED dengan paket hemat deterjen wangi dan pelicin setrika usaha laundry."
Banyumas,Purwokerto Utara,Karangwangkal,false,"Kawasan pendidikan UNSOED dengan paket hemat deterjen wangi dan pelicin setrika usaha laundry."
Banyumas,Purwokerto Utara,Pabuaran,false,"Kawasan pendidikan UNSOED dengan paket hemat deterjen wangi dan pelicin setrika usaha laundry."
Banyumas,Purwokerto Utara,Purwanegara,false,"Kawasan pendidikan UNSOED dengan paket hemat deterjen wangi dan pelicin setrika usaha laundry."
Banyumas,Purwokerto Utara,Sumampir,false,"Kawasan pendidikan UNSOED dengan paket hemat deterjen wangi dan pelicin setrika usaha laundry."
Banyumas,Ajibarang,Ajibarang Kulon,false,"Persimpangan jalur utama barat Banyumas dengan distribusi deterjen jerigen & parfum murni."
Banyumas,Ajibarang,Ajibarang Wetan,false,"Persimpangan jalur utama barat Banyumas dengan distribusi deterjen jerigen & parfum murni."
Banyumas,Ajibarang,Ciberung,false,"Persimpangan jalur utama barat Banyumas dengan distribusi deterjen jerigen & parfum murni."
Banyumas,Ajibarang,Darmakradenan,false,"Persimpangan jalur utama barat Banyumas dengan distribusi deterjen jerigen & parfum murni."
Banyumas,Ajibarang,Jingkang,false,"Persimpangan jalur utama barat Banyumas dengan distribusi deterjen jerigen & parfum murni."
Banyumas,Ajibarang,Kalibenda,false,"Persimpangan jalur utama barat Banyumas dengan distribusi deterjen jerigen & parfum murni."
Banyumas,Ajibarang,Karangkemiri,false,"Persimpangan jalur utama barat Banyumas dengan distribusi deterjen jerigen & parfum murni."
Banyumas,Ajibarang,Kracak,false,"Persimpangan jalur utama barat Banyumas dengan distribusi deterjen jerigen & parfum murni."
Banyumas,Ajibarang,Lesmana,false,"Persimpangan jalur utama barat Banyumas dengan distribusi deterjen jerigen & parfum murni."
Banyumas,Ajibarang,Pancasan,false,"Persimpangan jalur utama barat Banyumas dengan distribusi deterjen jerigen & parfum murni."
Banyumas,Ajibarang,Pancurendang,false,"Persimpangan jalur utama barat Banyumas dengan distribusi deterjen jerigen & parfum murni."
Banyumas,Ajibarang,Pandansari,false,"Persimpangan jalur utama barat Banyumas dengan distribusi deterjen jerigen & parfum murni."
Banyumas,Ajibarang,Sawangan,false,"Persimpangan jalur utama barat Banyumas dengan distribusi deterjen jerigen & parfum murni."
Banyumas,Ajibarang,Tipar Kidul,false,"Persimpangan jalur utama barat Banyumas dengan distribusi deterjen jerigen & parfum murni."
Banyumas,Ajibarang,Windujaya,false,"Persimpangan jalur utama barat Banyumas dengan distribusi deterjen jerigen & parfum murni."
Banyumas,Baturraden,Karangmangu,false,"Kawasan wisata lereng Slamet dengan suplai chemical linen hotel, villa, dan softener wangi."
Banyumas,Baturraden,Karangsalam Lor,false,"Kawasan wisata lereng Slamet dengan suplai chemical linen hotel, villa, dan softener wangi."
Banyumas,Baturraden,Karangtengah,false,"Kawasan wisata lereng Slamet dengan suplai chemical linen hotel, villa, dan softener wangi."
Banyumas,Baturraden,Kebumen,false,"Kawasan wisata lereng Slamet dengan suplai chemical linen hotel, villa, dan softener wangi."
Banyumas,Baturraden,Kemutug Kidul,false,"Kawasan wisata lereng Slamet dengan suplai chemical linen hotel, villa, dan softener wangi."
Banyumas,Baturraden,Kemutug Lor,false,"Kawasan wisata lereng Slamet dengan suplai chemical linen hotel, villa, dan softener wangi."
Banyumas,Baturraden,Ketenger,false,"Kawasan wisata lereng Slamet dengan suplai chemical linen hotel, villa, dan softener wangi."
Banyumas,Baturraden,Kutasari,false,"Kawasan wisata lereng Slamet dengan suplai chemical linen hotel, villa, dan softener wangi."
Banyumas,Baturraden,Pandak,false,"Kawasan wisata lereng Slamet dengan suplai chemical linen hotel, villa, dan softener wangi."
Banyumas,Baturraden,Pamijen,false,"Kawasan wisata lereng Slamet dengan suplai chemical linen hotel, villa, dan softener wangi."
Banyumas,Baturraden,Rempoah,false,"Kawasan wisata lereng Slamet dengan suplai chemical linen hotel, villa, dan softener wangi."
Banyumas,Baturraden,Purwosari,false,"Kawasan wisata lereng Slamet dengan suplai chemical linen hotel, villa, dan softener wangi."
Banyumas,Banyumas,Binangun,false,"Kota lama Banyumas dengan ketersediaan sabun deterjen cair wangi dan pelembut serat kain."
Banyumas,Banyumas,Danaraja,false,"Kota lama Banyumas dengan ketersediaan sabun deterjen cair wangi dan pelembut serat kain."
Banyumas,Banyumas,Dawuhan,false,"Kota lama Banyumas dengan ketersediaan sabun deterjen cair wangi dan pelembut serat kain."
Banyumas,Banyumas,Gedunguter,false,"Kota lama Banyumas dengan ketersediaan sabun deterjen cair wangi dan pelembut serat kain."
Banyumas,Banyumas,Kalisube,false,"Kota lama Banyumas dengan ketersediaan sabun deterjen cair wangi dan pelembut serat kain."
Banyumas,Banyumas,Karangrau,false,"Kota lama Banyumas dengan ketersediaan sabun deterjen cair wangi dan pelembut serat kain."
Banyumas,Banyumas,Kedunggede,false,"Kota lama Banyumas dengan ketersediaan sabun deterjen cair wangi dan pelembut serat kain."
Banyumas,Banyumas,Kedunguter,false,"Kota lama Banyumas dengan ketersediaan sabun deterjen cair wangi dan pelembut serat kain."
Banyumas,Banyumas,Kejawar,false,"Kota lama Banyumas dengan ketersediaan sabun deterjen cair wangi dan pelembut serat kain."
Banyumas,Banyumas,Papringan,false,"Kota lama Banyumas dengan ketersediaan sabun deterjen cair wangi dan pelembut serat kain."
Banyumas,Banyumas,Pekunden,false,"Kota lama Banyumas dengan ketersediaan sabun deterjen cair wangi dan pelembut serat kain."
Banyumas,Banyumas,Sudagaran,false,"Kota lama Banyumas dengan ketersediaan sabun deterjen cair wangi dan pelembut serat kain."
Banyumas,Cilongok,Batuanten,false,"Kecamatan industri dengan pengiriman deterjen cair matic dan bibit parfum ke seluruh desa."
Banyumas,Cilongok,Cikidang,false,"Kecamatan industri dengan pengiriman deterjen cair matic dan bibit parfum ke seluruh desa."
Banyumas,Cilongok,Cilongok,false,"Kecamatan industri dengan pengiriman deterjen cair matic dan bibit parfum ke seluruh desa."
Banyumas,Cilongok,Cipete,false,"Kecamatan industri dengan pengiriman deterjen cair matic dan bibit parfum ke seluruh desa."
Banyumas,Cilongok,Gunungsari,false,"Kecamatan industri dengan pengiriman deterjen cair matic dan bibit parfum ke seluruh desa."
Banyumas,Cilongok,Jatisaba,false,"Kecamatan industri dengan pengiriman deterjen cair matic dan bibit parfum ke seluruh desa."
Banyumas,Cilongok,Kalisari,false,"Kecamatan industri dengan pengiriman deterjen cair matic dan bibit parfum ke seluruh desa."
Banyumas,Cilongok,Karanglo,false,"Kecamatan industri dengan pengiriman deterjen cair matic dan bibit parfum ke seluruh desa."
Banyumas,Cilongok,Karangtengah,false,"Kecamatan industri dengan pengiriman deterjen cair matic dan bibit parfum ke seluruh desa."
Banyumas,Cilongok,Kasegeran,false,"Kecamatan industri dengan pengiriman deterjen cair matic dan bibit parfum ke seluruh desa."
Banyumas,Cilongok,Langkiteng,false,"Kecamatan industri dengan pengiriman deterjen cair matic dan bibit parfum ke seluruh desa."
Banyumas,Cilongok,Pancasandana,false,"Kecamatan industri dengan pengiriman deterjen cair matic dan bibit parfum ke seluruh desa."
Banyumas,Cilongok,Panembangan,false,"Kecamatan industri dengan pengiriman deterjen cair matic dan bibit parfum ke seluruh desa."
Banyumas,Cilongok,Pejogol,false,"Kecamatan industri dengan pengiriman deterjen cair matic dan bibit parfum ke seluruh desa."
Banyumas,Cilongok,Pernasidi,false,"Kecamatan industri dengan pengiriman deterjen cair matic dan bibit parfum ke seluruh desa."
Banyumas,Cilongok,Rancamaya,false,"Kecamatan industri dengan pengiriman deterjen cair matic dan bibit parfum ke seluruh desa."
Banyumas,Cilongok,Sambirata,false,"Kecamatan industri dengan pengiriman deterjen cair matic dan bibit parfum ke seluruh desa."
Banyumas,Cilongok,Sudimara,false,"Kecamatan industri dengan pengiriman deterjen cair matic dan bibit parfum ke seluruh desa."
Banyumas,Gumelar,Cihonje,false,"Kawasan perbukitan barat Banyumas dengan suplai deterjen konsentrat hemat & karbol sereh."
Banyumas,Gumelar,Cilangkap,false,"Kawasan perbukitan barat Banyumas dengan suplai deterjen konsentrat hemat & karbol sereh."
Banyumas,Gumelar,Gandoang,false,"Kawasan perbukitan barat Banyumas dengan suplai deterjen konsentrat hemat & karbol sereh."
Banyumas,Gumelar,Gumelar,false,"Kawasan perbukitan barat Banyumas dengan suplai deterjen konsentrat hemat & karbol sereh."
Banyumas,Gumelar,Karangkemojing,false,"Kawasan perbukitan barat Banyumas dengan suplai deterjen konsentrat hemat & karbol sereh."
Banyumas,Gumelar,Kedungurang,false,"Kawasan perbukitan barat Banyumas dengan suplai deterjen konsentrat hemat & karbol sereh."
Banyumas,Gumelar,Samudra,false,"Kawasan perbukitan barat Banyumas dengan suplai deterjen konsentrat hemat & karbol sereh."
Banyumas,Gumelar,Samudra Kulon,false,"Kawasan perbukitan barat Banyumas dengan suplai deterjen konsentrat hemat & karbol sereh."
Banyumas,Gumelar,Tlaga,false,"Kawasan perbukitan barat Banyumas dengan suplai deterjen konsentrat hemat & karbol sereh."
Banyumas,Kalibagor,Kalibagor,false,"Sentra pemukiman timur Banyumas dengan suplai deterjen cair harian dan pelicin setrika."
Banyumas,Kalibagor,Kaliori,false,"Sentra pemukiman timur Banyumas dengan suplai deterjen cair harian dan pelicin setrika."
Banyumas,Kalibagor,Kalisogra Wetan,false,"Sentra pemukiman timur Banyumas dengan suplai deterjen cair harian dan pelicin setrika."
Banyumas,Kalibagor,Karangdadap,false,"Sentra pemukiman timur Banyumas dengan suplai deterjen cair harian dan pelicin setrika."
Banyumas,Kalibagor,Pajerukan,false,"Sentra pemukiman timur Banyumas dengan suplai deterjen cair harian dan pelicin setrika."
Banyumas,Kalibagor,Petir,false,"Sentra pemukiman timur Banyumas dengan suplai deterjen cair harian dan pelicin setrika."
Banyumas,Kalibagor,Srowot,false,"Sentra pemukiman timur Banyumas dengan suplai deterjen cair harian dan pelicin setrika."
Banyumas,Kalibagor,Suro,false,"Sentra pemukiman timur Banyumas dengan suplai deterjen cair harian dan pelicin setrika."
Banyumas,Kalibagor,Wlahar Wetan,false,"Sentra pemukiman timur Banyumas dengan suplai deterjen cair harian dan pelicin setrika."
Banyumas,Karanglewas,Babakan,false,"Wilayah barat Purwokerto dengan pengiriman deterjen laundry kiloan dan pembersih karpet."
Banyumas,Karanglewas,Jipang,false,"Wilayah barat Purwokerto dengan pengiriman deterjen laundry kiloan dan pembersih karpet."
Banyumas,Karanglewas,Karanggude Kulon,false,"Wilayah barat Purwokerto dengan pengiriman deterjen laundry kiloan dan pembersih karpet."
Banyumas,Karanglewas,Karangkemiri,false,"Wilayah barat Purwokerto dengan pengiriman deterjen laundry kiloan dan pembersih karpet."
Banyumas,Karanglewas,Karanglewas Kidul,false,"Wilayah barat Purwokerto dengan pengiriman deterjen laundry kiloan dan pembersih karpet."
Banyumas,Karanglewas,Kediri,false,"Wilayah barat Purwokerto dengan pengiriman deterjen laundry kiloan dan pembersih karpet."
Banyumas,Karanglewas,Pangebatan,false,"Wilayah barat Purwokerto dengan pengiriman deterjen laundry kiloan dan pembersih karpet."
Banyumas,Karanglewas,Pasir Kulon,false,"Wilayah barat Purwokerto dengan pengiriman deterjen laundry kiloan dan pembersih karpet."
Banyumas,Karanglewas,Pasir Lor,false,"Wilayah barat Purwokerto dengan pengiriman deterjen laundry kiloan dan pembersih karpet."
Banyumas,Karanglewas,Pasir Wetan,false,"Wilayah barat Purwokerto dengan pengiriman deterjen laundry kiloan dan pembersih karpet."
Banyumas,Karanglewas,Singasari,false,"Wilayah barat Purwokerto dengan pengiriman deterjen laundry kiloan dan pembersih karpet."
Banyumas,Karanglewas,Sunyalangu,false,"Wilayah barat Purwokerto dengan pengiriman deterjen laundry kiloan dan pembersih karpet."
Banyumas,Karanglewas,Tamansari,false,"Wilayah barat Purwokerto dengan pengiriman deterjen laundry kiloan dan pembersih karpet."
Banyumas,Kebasen,Bangsa,false,"Kawasan tepi Serayu dengan suplai chemical cuci karpet, parfum laundry, dan deterjen matic."
Banyumas,Kebasen,Gambarsari,false,"Kawasan tepi Serayu dengan suplai chemical cuci karpet, parfum laundry, dan deterjen matic."
Banyumas,Kebasen,Kalisalak,false,"Kawasan tepi Serayu dengan suplai chemical cuci karpet, parfum laundry, dan deterjen matic."
Banyumas,Kebasen,Kaliwedi,false,"Kawasan tepi Serayu dengan suplai chemical cuci karpet, parfum laundry, dan deterjen matic."
Banyumas,Kebasen,Kebasen,false,"Kawasan tepi Serayu dengan suplai chemical cuci karpet, parfum laundry, dan deterjen matic."
Banyumas,Kebasen,Mandirancan,false,"Kawasan tepi Serayu dengan suplai chemical cuci karpet, parfum laundry, dan deterjen matic."
Banyumas,Kebasen,Randegan,false,"Kawasan tepi Serayu dengan suplai chemical cuci karpet, parfum laundry, dan deterjen matic."
Banyumas,Kebasen,Sawangan,false,"Kawasan tepi Serayu dengan suplai chemical cuci karpet, parfum laundry, dan deterjen matic."
Banyumas,Kebasen,Tumiyang,false,"Kawasan tepi Serayu dengan suplai chemical cuci karpet, parfum laundry, dan deterjen matic."
Banyumas,Kedungbanteng,Baseh,false,"Area lereng sejuk dengan formula parfum anti apek dan deterjen aktif pembasmi jamur pakaian."
Banyumas,Kedungbanteng,Beji,false,"Area lereng sejuk dengan formula parfum anti apek dan deterjen aktif pembasmi jamur pakaian."
Banyumas,Kedungbanteng,Dawuhan Kulon,false,"Area lereng sejuk dengan formula parfum anti apek dan deterjen aktif pembasmi jamur pakaian."
Banyumas,Kedungbanteng,Dawuhan Wetan,false,"Area lereng sejuk dengan formula parfum anti apek dan deterjen aktif pembasmi jamur pakaian."
Banyumas,Kedungbanteng,Kalikesur,false,"Area lereng sejuk dengan formula parfum anti apek dan deterjen aktif pembasmi jamur pakaian."
Banyumas,Kedungbanteng,Kalisalak,false,"Area lereng sejuk dengan formula parfum anti apek dan deterjen aktif pembasmi jamur pakaian."
Banyumas,Kedungbanteng,Karangnangka,false,"Area lereng sejuk dengan formula parfum anti apek dan deterjen aktif pembasmi jamur pakaian."
Banyumas,Kedungbanteng,Karangsalam Kidul,false,"Area lereng sejuk dengan formula parfum anti apek dan deterjen aktif pembasmi jamur pakaian."
Banyumas,Kedungbanteng,Kebocoran,false,"Area lereng sejuk dengan formula parfum anti apek dan deterjen aktif pembasmi jamur pakaian."
Banyumas,Kedungbanteng,Kedungbanteng,false,"Area lereng sejuk dengan formula parfum anti apek dan deterjen aktif pembasmi jamur pakaian."
Banyumas,Kedungbanteng,Keniten,false,"Area lereng sejuk dengan formula parfum anti apek dan deterjen aktif pembasmi jamur pakaian."
Banyumas,Kedungbanteng,Kutaliman,false,"Area lereng sejuk dengan formula parfum anti apek dan deterjen aktif pembasmi jamur pakaian."
Banyumas,Kedungbanteng,Melung,false,"Area lereng sejuk dengan formula parfum anti apek dan deterjen aktif pembasmi jamur pakaian."
Banyumas,Kedungbanteng,Windujaya,false,"Area lereng sejuk dengan formula parfum anti apek dan deterjen aktif pembasmi jamur pakaian."
Banyumas,Kembaran,Bantarwuni,false,"Dekat kampus UMP dengan kebutuhan tinggi suplai deterjen laundry kiloan dan pelicin setrika."
Banyumas,Kembaran,Bojongsari,false,"Dekat kampus UMP dengan kebutuhan tinggi suplai deterjen laundry kiloan dan pelicin setrika."
Banyumas,Kembaran,Dukuhwaluh,false,"Dekat kampus UMP dengan kebutuhan tinggi suplai deterjen laundry kiloan dan pelicin setrika."
Banyumas,Kembaran,Karangsari,false,"Dekat kampus UMP dengan kebutuhan tinggi suplai deterjen laundry kiloan dan pelicin setrika."
Banyumas,Kembaran,Karangsoka,false,"Dekat kampus UMP dengan kebutuhan tinggi suplai deterjen laundry kiloan dan pelicin setrika."
Banyumas,Kembaran,Karangtengah,false,"Dekat kampus UMP dengan kebutuhan tinggi suplai deterjen laundry kiloan dan pelicin setrika."
Banyumas,Kembaran,Kembaran,false,"Dekat kampus UMP dengan kebutuhan tinggi suplai deterjen laundry kiloan dan pelicin setrika."
Banyumas,Kembaran,Kramat,false,"Dekat kampus UMP dengan kebutuhan tinggi suplai deterjen laundry kiloan dan pelicin setrika."
Banyumas,Kembaran,Ledug,false,"Dekat kampus UMP dengan kebutuhan tinggi suplai deterjen laundry kiloan dan pelicin setrika."
Banyumas,Kembaran,Linggasari,false,"Dekat kampus UMP dengan kebutuhan tinggi suplai deterjen laundry kiloan dan pelicin setrika."
Banyumas,Kembaran,Pliken,false,"Dekat kampus UMP dengan kebutuhan tinggi suplai deterjen laundry kiloan dan pelicin setrika."
Banyumas,Kembaran,Purbadana,false,"Dekat kampus UMP dengan kebutuhan tinggi suplai deterjen laundry kiloan dan pelicin setrika."
Banyumas,Kembaran,Purwodadi,false,"Dekat kampus UMP dengan kebutuhan tinggi suplai deterjen laundry kiloan dan pelicin setrika."
Banyumas,Kembaran,Sambeng Kulon,false,"Dekat kampus UMP dengan kebutuhan tinggi suplai deterjen laundry kiloan dan pelicin setrika."
Banyumas,Kembaran,Sambeng Wetan,false,"Dekat kampus UMP dengan kebutuhan tinggi suplai deterjen laundry kiloan dan pelicin setrika."
Banyumas,Kembaran,Tambaksari Kidul,false,"Dekat kampus UMP dengan kebutuhan tinggi suplai deterjen laundry kiloan dan pelicin setrika."
Banyumas,Kemranjen,Alasmalang,false,"Sentra durian Banyumas dengan pasokan paket deterjen laundry dan parfum laundry premium."
Banyumas,Kemranjen,Bagasari,false,"Sentra durian Banyumas dengan pasokan paket deterjen laundry dan parfum laundry premium."
Banyumas,Kemranjen,Giri Kencana,false,"Sentra durian Banyumas dengan pasokan paket deterjen laundry dan parfum laundry premium."
Banyumas,Kemranjen,Karanggintung,false,"Sentra durian Banyumas dengan pasokan paket deterjen laundry dan parfum laundry premium."
Banyumas,Kemranjen,Karangjati,false,"Sentra durian Banyumas dengan pasokan paket deterjen laundry dan parfum laundry premium."
Banyumas,Kemranjen,Karangsalam,false,"Sentra durian Banyumas dengan pasokan paket deterjen laundry dan parfum laundry premium."
Banyumas,Kemranjen,Kebarongan,false,"Sentra durian Banyumas dengan pasokan paket deterjen laundry dan parfum laundry premium."
Banyumas,Kemranjen,Kecila,false,"Sentra durian Banyumas dengan pasokan paket deterjen laundry dan parfum laundry premium."
Banyumas,Kemranjen,Kedungpring,false,"Sentra durian Banyumas dengan pasokan paket deterjen laundry dan parfum laundry premium."
Banyumas,Kemranjen,Nusamangir,false,"Sentra durian Banyumas dengan pasokan paket deterjen laundry dan parfum laundry premium."
Banyumas,Kemranjen,Pageralang,false,"Sentra durian Banyumas dengan pasokan paket deterjen laundry dan parfum laundry premium."
Banyumas,Kemranjen,Petarangan,false,"Sentra durian Banyumas dengan pasokan paket deterjen laundry dan parfum laundry premium."
Banyumas,Kemranjen,Sibalung,false,"Sentra durian Banyumas dengan pasokan paket deterjen laundry dan parfum laundry premium."
Banyumas,Kemranjen,Sibrama,false,"Sentra durian Banyumas dengan pasokan paket deterjen laundry dan parfum laundry premium."
Banyumas,Kemranjen,Sirau,false,"Sentra durian Banyumas dengan pasokan paket deterjen laundry dan parfum laundry premium."
Banyumas,Jatilawang,Bantar,false,"Sentra niaga barat Banyumas dengan suplai jerigen deterjen matic dan parfum murni."
Banyumas,Jatilawang,Gentawangi,false,"Sentra niaga barat Banyumas dengan suplai jerigen deterjen matic dan parfum murni."
Banyumas,Jatilawang,Gunung Wetan,false,"Sentra niaga barat Banyumas dengan suplai jerigen deterjen matic dan parfum murni."
Banyumas,Jatilawang,Karanganyar,false,"Sentra niaga barat Banyumas dengan suplai jerigen deterjen matic dan parfum murni."
Banyumas,Jatilawang,Karanglewas,false,"Sentra niaga barat Banyumas dengan suplai jerigen deterjen matic dan parfum murni."
Banyumas,Jatilawang,Kedungwringin,false,"Sentra niaga barat Banyumas dengan suplai jerigen deterjen matic dan parfum murni."
Banyumas,Jatilawang,Margasana,false,"Sentra niaga barat Banyumas dengan suplai jerigen deterjen matic dan parfum murni."
Banyumas,Jatilawang,Pekuncen,false,"Sentra niaga barat Banyumas dengan suplai jerigen deterjen matic dan parfum murni."
Banyumas,Jatilawang,Rawalo,false,"Sentra niaga barat Banyumas dengan suplai jerigen deterjen matic dan parfum murni."
Banyumas,Jatilawang,Tinggarjaya,false,"Sentra niaga barat Banyumas dengan suplai jerigen deterjen matic dan parfum murni."
Banyumas,Jatilawang,Tunjung,false,"Sentra niaga barat Banyumas dengan suplai jerigen deterjen matic dan parfum murni."
Banyumas,Lumbir,Besuki,false,"Jalur perbatasan barat Banyumas dengan distribusi deterjen cair dan pewangi pakaian tahan 14 hari."
Banyumas,Lumbir,Canduk,false,"Jalur perbatasan barat Banyumas dengan distribusi deterjen cair dan pewangi pakaian tahan 14 hari."
Banyumas,Lumbir,Cidora,false,"Jalur perbatasan barat Banyumas dengan distribusi deterjen cair dan pewangi pakaian tahan 14 hari."
Banyumas,Lumbir,Cingebul,false,"Jalur perbatasan barat Banyumas dengan distribusi deterjen cair dan pewangi pakaian tahan 14 hari."
Banyumas,Lumbir,Cirahab,false,"Jalur perbatasan barat Banyumas dengan distribusi deterjen cair dan pewangi pakaian tahan 14 hari."
Banyumas,Lumbir,Dermaji,false,"Jalur perbatasan barat Banyumas dengan distribusi deterjen cair dan pewangi pakaian tahan 14 hari."
Banyumas,Lumbir,Karanggayam,false,"Jalur perbatasan barat Banyumas dengan distribusi deterjen cair dan pewangi pakaian tahan 14 hari."
Banyumas,Lumbir,Kedunggede,false,"Jalur perbatasan barat Banyumas dengan distribusi deterjen cair dan pewangi pakaian tahan 14 hari."
Banyumas,Lumbir,Lumbir,false,"Jalur perbatasan barat Banyumas dengan distribusi deterjen cair dan pewangi pakaian tahan 14 hari."
Banyumas,Lumbir,Parungkamal,false,"Jalur perbatasan barat Banyumas dengan distribusi deterjen cair dan pewangi pakaian tahan 14 hari."
Banyumas,Patikraja,Kedungrandu,false,"Jalur selatan Purwokerto dengan suplai deterjen cuci karpet, noda pakaian, dan parfum laundry."
Banyumas,Patikraja,Kedungwringin,false,"Jalur selatan Purwokerto dengan suplai deterjen cuci karpet, noda pakaian, dan parfum laundry."
Banyumas,Patikraja,Kedungwuluh Kidul,false,"Jalur selatan Purwokerto dengan suplai deterjen cuci karpet, noda pakaian, dan parfum laundry."
Banyumas,Patikraja,Kedungwuluh Lor,false,"Jalur selatan Purwokerto dengan suplai deterjen cuci karpet, noda pakaian, dan parfum laundry."
Banyumas,Patikraja,Notog,false,"Jalur selatan Purwokerto dengan suplai deterjen cuci karpet, noda pakaian, dan parfum laundry."
Banyumas,Patikraja,Patikraja,false,"Jalur selatan Purwokerto dengan suplai deterjen cuci karpet, noda pakaian, dan parfum laundry."
Banyumas,Patikraja,Pegangsalan,false,"Jalur selatan Purwokerto dengan suplai deterjen cuci karpet, noda pakaian, dan parfum laundry."
Banyumas,Patikraja,Sawangan Wetan,false,"Jalur selatan Purwokerto dengan suplai deterjen cuci karpet, noda pakaian, dan parfum laundry."
Banyumas,Patikraja,Sidabowa,false,"Jalur selatan Purwokerto dengan suplai deterjen cuci karpet, noda pakaian, dan parfum laundry."
Banyumas,Patikraja,Sokawera,false,"Jalur selatan Purwokerto dengan suplai deterjen cuci karpet, noda pakaian, dan parfum laundry."
Banyumas,Patikraja,Wlahar Kulon,false,"Jalur selatan Purwokerto dengan suplai deterjen cuci karpet, noda pakaian, dan parfum laundry."
Banyumas,Pekuncen,Banjaranyar,false,"Lintas utara Banyumas dengan stok deterjen konsentrat ramah serat kain dan anti bakteri."
Banyumas,Pekuncen,Candinegara,false,"Lintas utara Banyumas dengan stok deterjen konsentrat ramah serat kain dan anti bakteri."
Banyumas,Pekuncen,Cibangkong,false,"Lintas utara Banyumas dengan stok deterjen konsentrat ramah serat kain dan anti bakteri."
Banyumas,Pekuncen,Cikawung,false,"Lintas utara Banyumas dengan stok deterjen konsentrat ramah serat kain dan anti bakteri."
Banyumas,Pekuncen,Cikembulan,false,"Lintas utara Banyumas dengan stok deterjen konsentrat ramah serat kain dan anti bakteri."
Banyumas,Pekuncen,Glempang,false,"Lintas utara Banyumas dengan stok deterjen konsentrat ramah serat kain dan anti bakteri."
Banyumas,Pekuncen,Karangkemiri,false,"Lintas utara Banyumas dengan stok deterjen konsentrat ramah serat kain dan anti bakteri."
Banyumas,Pekuncen,Karangklesem,false,"Lintas utara Banyumas dengan stok deterjen konsentrat ramah serat kain dan anti bakteri."
Banyumas,Pekuncen,Krajan,false,"Lintas utara Banyumas dengan stok deterjen konsentrat ramah serat kain dan anti bakteri."
Banyumas,Pekuncen,Kranggan,false,"Lintas utara Banyumas dengan stok deterjen konsentrat ramah serat kain dan anti bakteri."
Banyumas,Pekuncen,Pasiraman Kidul,false,"Lintas utara Banyumas dengan stok deterjen konsentrat ramah serat kain dan anti bakteri."
Banyumas,Pekuncen,Pasiraman Lor,false,"Lintas utara Banyumas dengan stok deterjen konsentrat ramah serat kain dan anti bakteri."
Banyumas,Pekuncen,Pekuncen,false,"Lintas utara Banyumas dengan stok deterjen konsentrat ramah serat kain dan anti bakteri."
Banyumas,Pekuncen,Petahunan,false,"Lintas utara Banyumas dengan stok deterjen konsentrat ramah serat kain dan anti bakteri."
Banyumas,Pekuncen,Semangkung,false,"Lintas utara Banyumas dengan stok deterjen konsentrat ramah serat kain dan anti bakteri."
Banyumas,Pekuncen,Tumiyang,false,"Lintas utara Banyumas dengan stok deterjen konsentrat ramah serat kain dan anti bakteri."
Banyumas,Purwojati,Galisalak,false,"Kawasan Banyumas barat dengan pasokan sabun cuci piring, karbol sereh, dan deterjen laundry."
Banyumas,Purwojati,Kaliiteng,false,"Kawasan Banyumas barat dengan pasokan sabun cuci piring, karbol sereh, dan deterjen laundry."
Banyumas,Purwojati,Kaliwangi,false,"Kawasan Banyumas barat dengan pasokan sabun cuci piring, karbol sereh, dan deterjen laundry."
Banyumas,Purwojati,Karangmangu,false,"Kawasan Banyumas barat dengan pasokan sabun cuci piring, karbol sereh, dan deterjen laundry."
Banyumas,Purwojati,Karangtalun Kidul,false,"Kawasan Banyumas barat dengan pasokan sabun cuci piring, karbol sereh, dan deterjen laundry."
Banyumas,Purwojati,Karangtalun Lor,false,"Kawasan Banyumas barat dengan pasokan sabun cuci piring, karbol sereh, dan deterjen laundry."
Banyumas,Purwojati,Klapagading,false,"Kawasan Banyumas barat dengan pasokan sabun cuci piring, karbol sereh, dan deterjen laundry."
Banyumas,Purwojati,Klapagading Kulon,false,"Kawasan Banyumas barat dengan pasokan sabun cuci piring, karbol sereh, dan deterjen laundry."
Banyumas,Purwojati,Purwojati,false,"Kawasan Banyumas barat dengan pasokan sabun cuci piring, karbol sereh, dan deterjen laundry."
Banyumas,Rawalo,Banjarparakan,false,"Jalur selatan Banyumas dengan pasokan chemical laundry lengkap bergaransi bersih dan wangi."
Banyumas,Rawalo,Losari,false,"Jalur selatan Banyumas dengan pasokan chemical laundry lengkap bergaransi bersih dan wangi."
Banyumas,Rawalo,Menganti,false,"Jalur selatan Banyumas dengan pasokan chemical laundry lengkap bergaransi bersih dan wangi."
Banyumas,Rawalo,Pesawahan,false,"Jalur selatan Banyumas dengan pasokan chemical laundry lengkap bergaransi bersih dan wangi."
Banyumas,Rawalo,Rawalo,false,"Jalur selatan Banyumas dengan pasokan chemical laundry lengkap bergaransi bersih dan wangi."
Banyumas,Rawalo,Sanggreman,false,"Jalur selatan Banyumas dengan pasokan chemical laundry lengkap bergaransi bersih dan wangi."
Banyumas,Rawalo,Sidamulih,false,"Jalur selatan Banyumas dengan pasokan chemical laundry lengkap bergaransi bersih dan wangi."
Banyumas,Rawalo,Sukoharjo,false,"Jalur selatan Banyumas dengan pasokan chemical laundry lengkap bergaransi bersih dan wangi."
Banyumas,Rawalo,Tambaknegara,false,"Jalur selatan Banyumas dengan pasokan chemical laundry lengkap bergaransi bersih dan wangi."
Banyumas,Somagede,Kanding,false,"Wilayah timur Banyumas dengan suplai deterjen cuci selimut, pelicin setrika, dan sabun cair."
Banyumas,Somagede,Kemawi,false,"Wilayah timur Banyumas dengan suplai deterjen cuci selimut, pelicin setrika, dan sabun cair."
Banyumas,Somagede,Klinting,false,"Wilayah timur Banyumas dengan suplai deterjen cuci selimut, pelicin setrika, dan sabun cair."
Banyumas,Somagede,Piasa Kulon,false,"Wilayah timur Banyumas dengan suplai deterjen cuci selimut, pelicin setrika, dan sabun cair."
Banyumas,Somagede,Plana,false,"Wilayah timur Banyumas dengan suplai deterjen cuci selimut, pelicin setrika, dan sabun cair."
Banyumas,Somagede,Sokawera,false,"Wilayah timur Banyumas dengan suplai deterjen cuci selimut, pelicin setrika, dan sabun cair."
Banyumas,Somagede,Somagede,false,"Wilayah timur Banyumas dengan suplai deterjen cuci selimut, pelicin setrika, dan sabun cair."
Banyumas,Somagede,Tanggeran,false,"Wilayah timur Banyumas dengan suplai deterjen cuci selimut, pelicin setrika, dan sabun cair."
Banyumas,Sumbang,Banjarsari Kulon,false,"Kawasan timur Purwokerto dengan pengiriman jerigen deterjen langsung untuk usaha laundry."
Banyumas,Sumbang,Banjarsari Wetan,false,"Kawasan timur Purwokerto dengan pengiriman jerigen deterjen langsung untuk usaha laundry."
Banyumas,Sumbang,Ciberem,false,"Kawasan timur Purwokerto dengan pengiriman jerigen deterjen langsung untuk usaha laundry."
Banyumas,Sumbang,Datar,false,"Kawasan timur Purwokerto dengan pengiriman jerigen deterjen langsung untuk usaha laundry."
Banyumas,Sumbang,Gandatapa,false,"Kawasan timur Purwokerto dengan pengiriman jerigen deterjen langsung untuk usaha laundry."
Banyumas,Sumbang,Karangcegak,false,"Kawasan timur Purwokerto dengan pengiriman jerigen deterjen langsung untuk usaha laundry."
Banyumas,Sumbang,Karanggintung,false,"Kawasan timur Purwokerto dengan pengiriman jerigen deterjen langsung untuk usaha laundry."
Banyumas,Sumbang,Karangturi,false,"Kawasan timur Purwokerto dengan pengiriman jerigen deterjen langsung untuk usaha laundry."
Banyumas,Sumbang,Kawungcarang,false,"Kawasan timur Purwokerto dengan pengiriman jerigen deterjen langsung untuk usaha laundry."
Banyumas,Sumbang,Kebanggan,false,"Kawasan timur Purwokerto dengan pengiriman jerigen deterjen langsung untuk usaha laundry."
Banyumas,Sumbang,Kedungmalang,false,"Kawasan timur Purwokerto dengan pengiriman jerigen deterjen langsung untuk usaha laundry."
Banyumas,Sumbang,Kotayasa,false,"Kawasan timur Purwokerto dengan pengiriman jerigen deterjen langsung untuk usaha laundry."
Banyumas,Sumbang,Limbangan,false,"Kawasan timur Purwokerto dengan pengiriman jerigen deterjen langsung untuk usaha laundry."
Banyumas,Sumbang,Sikapat,false,"Kawasan timur Purwokerto dengan pengiriman jerigen deterjen langsung untuk usaha laundry."
Banyumas,Sumbang,Silado,false,"Kawasan timur Purwokerto dengan pengiriman jerigen deterjen langsung untuk usaha laundry."
Banyumas,Sumbang,Sumbang,false,"Kawasan timur Purwokerto dengan pengiriman jerigen deterjen langsung untuk usaha laundry."
Banyumas,Sumbang,Susukan,false,"Kawasan timur Purwokerto dengan pengiriman jerigen deterjen langsung untuk usaha laundry."
Banyumas,Sumbang,Tambaksogra,false,"Kawasan timur Purwokerto dengan pengiriman jerigen deterjen langsung untuk usaha laundry."
Banyumas,Sumpiuh,Bogangin,false,"Kota transit tenggara Banyumas dengan pasokan grosir deterjen matic, karbol, dan parfum."
Banyumas,Sumpiuh,Karanggedang,false,"Kota transit tenggara Banyumas dengan pasokan grosir deterjen matic, karbol, dan parfum."
Banyumas,Sumpiuh,Kemiri,false,"Kota transit tenggara Banyumas dengan pasokan grosir deterjen matic, karbol, dan parfum."
Banyumas,Sumpiuh,Ketinggem,false,"Kota transit tenggara Banyumas dengan pasokan grosir deterjen matic, karbol, dan parfum."
Banyumas,Sumpiuh,Kradenan,false,"Kota transit tenggara Banyumas dengan pasokan grosir deterjen matic, karbol, dan parfum."
Banyumas,Sumpiuh,Kuntili,false,"Kota transit tenggara Banyumas dengan pasokan grosir deterjen matic, karbol, dan parfum."
Banyumas,Sumpiuh,Lebeng,false,"Kota transit tenggara Banyumas dengan pasokan grosir deterjen matic, karbol, dan parfum."
Banyumas,Sumpiuh,Nusadadi,false,"Kota transit tenggara Banyumas dengan pasokan grosir deterjen matic, karbol, dan parfum."
Banyumas,Sumpiuh,Pandak,false,"Kota transit tenggara Banyumas dengan pasokan grosir deterjen matic, karbol, dan parfum."
Banyumas,Sumpiuh,Selandaka,false,"Kota transit tenggara Banyumas dengan pasokan grosir deterjen matic, karbol, dan parfum."
Banyumas,Sumpiuh,Sumpiuh,false,"Kota transit tenggara Banyumas dengan pasokan grosir deterjen matic, karbol, dan parfum."
Banyumas,Tambak,Buniayu,false,"Ujung timur Banyumas dengan pengiriman deterjen cair rendah busa dan pewangi tahan lama."
Banyumas,Tambak,Gebangsari,false,"Ujung timur Banyumas dengan pengiriman deterjen cair rendah busa dan pewangi tahan lama."
Banyumas,Tambak,Gumelar Kidul,false,"Ujung timur Banyumas dengan pengiriman deterjen cair rendah busa dan pewangi tahan lama."
Banyumas,Tambak,Gumelar Lor,false,"Ujung timur Banyumas dengan pengiriman deterjen cair rendah busa dan pewangi tahan lama."
Banyumas,Tambak,Kamulyan,false,"Ujung timur Banyumas dengan pengiriman deterjen cair rendah busa dan pewangi tahan lama."
Banyumas,Tambak,Karangpetir,false,"Ujung timur Banyumas dengan pengiriman deterjen cair rendah busa dan pewangi tahan lama."
Banyumas,Tambak,Karangpucung,false,"Ujung timur Banyumas dengan pengiriman deterjen cair rendah busa dan pewangi tahan lama."
Banyumas,Tambak,Plangkapan,false,"Ujung timur Banyumas dengan pengiriman deterjen cair rendah busa dan pewangi tahan lama."
Banyumas,Tambak,Prembun,false,"Ujung timur Banyumas dengan pengiriman deterjen cair rendah busa dan pewangi tahan lama."
Banyumas,Tambak,Purwodadi,false,"Ujung timur Banyumas dengan pengiriman deterjen cair rendah busa dan pewangi tahan lama."
Banyumas,Tambak,Watuagung,false,"Ujung timur Banyumas dengan pengiriman deterjen cair rendah busa dan pewangi tahan lama."
Banyumas,Wangon,Banteran,false,"Pusat ekonomi barat daya Banyumas dengan suplai bahan kimia pembersih dan perlengkapan laundry."
Banyumas,Wangon,Cikakak,false,"Pusat ekonomi barat daya Banyumas dengan suplai bahan kimia pembersih dan perlengkapan laundry."
Banyumas,Wangon,Jambu,false,"Pusat ekonomi barat daya Banyumas dengan suplai bahan kimia pembersih dan perlengkapan laundry."
Banyumas,Wangon,Jurangbahas,false,"Pusat ekonomi barat daya Banyumas dengan suplai bahan kimia pembersih dan perlengkapan laundry."
Banyumas,Wangon,Klapagading,false,"Pusat ekonomi barat daya Banyumas dengan suplai bahan kimia pembersih dan perlengkapan laundry."
Banyumas,Wangon,Klapagading Kulon,false,"Pusat ekonomi barat daya Banyumas dengan suplai bahan kimia pembersih dan perlengkapan laundry."
Banyumas,Wangon,Pangadegan,false,"Pusat ekonomi barat daya Banyumas dengan suplai bahan kimia pembersih dan perlengkapan laundry."
Banyumas,Wangon,Randegan,false,"Pusat ekonomi barat daya Banyumas dengan suplai bahan kimia pembersih dan perlengkapan laundry."
Banyumas,Wangon,Rawaheng,false,"Pusat ekonomi barat daya Banyumas dengan suplai bahan kimia pembersih dan perlengkapan laundry."
Banyumas,Wangon,Wangon,false,"Pusat ekonomi barat daya Banyumas dengan suplai bahan kimia pembersih dan perlengkapan laundry."
Banyumas,Wangon,Windunegara,false,"Pusat ekonomi barat daya Banyumas dengan suplai bahan kimia pembersih dan perlengkapan laundry."
Banyumas,Wangon,Wlahar,false,"Pusat ekonomi barat daya Banyumas dengan suplai bahan kimia pembersih dan perlengkapan laundry."
